[
  {
    "id": "a7119e01-3d21-4d83-a11f-ab7a2d6f934c",
    "data": [
      {
        "text": "What are the criteria to join?",
        "userDefined": false
      }
    ],
    "isTemplate": false,
    "count": 0,
    "lang": "en",
    "updated": 0
  },
  {
    "id": "5f5e471b-b2e8-4b5c-a77b-042b0dc20a9d",
    "data": [
      {
        "text": "I\u0027m in college, am I eligible?",
        "userDefined": false
      }
    ],
    "isTemplate": false,
    "count": 1,
    "lang": "en",
    "updated": 0
  },
  {
    "id": "3318da9c-d2fe-42fc-92d2-edc5dae08eb3",
    "data": [
      {
        "text": "Can I apply if I\u0027m a student?",
        "userDefined": false
      }
    ],
    "isTemplate": false,
    "count": 0,
    "lang": "en",
    "updated": 0
  },
  {
    "id": "244f97a1-fcd9-40a0-aabf-b7991a003248",
    "data": [
      {
        "text": "Who is allowed to apply?",
        "userDefined": false
      }
    ],
    "isTemplate": false,
    "count": 0,
    "lang": "en",
    "updated": 0
  },
  {
    "id": "a445abd9-b895-4b47-8475-17164a5e3989",
    "data": [
      {
        "text": "Are there any prerequisites?",
        "userDefined": false
      }
    ],
    "isTemplate": false,
    "count": 0,
    "lang": "en",
    "updated": 0
  },
  {
    "id": "35182b7d-1060-40c7-af19-296db20f9e85",
    "data": [
      {
        "text": "What is the eligibility?",
        "userDefined": false
      }
    ],
    "isTemplate": false,
    "count": 0,
    "lang": "en",
    "updated": 0
  },
  {
    "id": "cc176db8-e4ac-443f-b425-597988fd3154",
    "data": [
      {
        "text": "Do I qualify for the internship?",
        "userDefined": false
      }
    ],
    "isTemplate": false,
    "count": 0,
    "lang": "en",
    "updated": 0
  },
  {
    "id": "51d14b86-f49e-4615-9524-4a012a5c736a",
    "data": [
      {
        "text": "What are the requirements?",
        "userDefined": false
      }
    ],
    "isTemplate": false,
    "count": 0,
    "lang": "en",
    "updated": 0
  },
  {
    "id": "2949d1fa-7484-4f2a-8e86-e6e02117058d",
    "data": [
      {
        "text": "Who can apply?",
        "userDefined": false
      }
    ],
    "isTemplate": false,
    "count": 0,
    "lang": "en",
    "updated": 0
  },
  {
    "id": "51aa8532-6f6a-4343-92c3-9c5a4b0931ee",
    "data": [
      {
        "text": "Am I eligible?",
        "userDefined": false
      }
    ],
    "isTemplate": false,
    "count": 0,
    "lang": "en",
    "updated": 0
  }
]