[
  {
    "id": "6e028194-8be2-4926-a43a-b303523833f4",
    "data": [
      {
        "text": "do you have an interships",
        "userDefined": false
      }
    ],
    "isTemplate": false,
    "count": 0,
    "lang": "en",
    "updated": 0
  },
  {
    "id": "6e9bb015-f4ac-4db8-9a55-8ef9009ca8d3",
    "data": [
      {
        "text": "I want an internship",
        "userDefined": false
      }
    ],
    "isTemplate": false,
    "count": 0,
    "lang": "en",
    "updated": 0
  },
  {
    "id": "b46cf46d-5354-4f0f-af0a-7e3c551f2ce9",
    "data": [
      {
        "text": "Can I apply for an internship?",
        "userDefined": false
      }
    ],
    "isTemplate": false,
    "count": 0,
    "lang": "en",
    "updated": 0
  },
  {
    "id": "de16c7b4-bf7f-47d7-802a-5b3bee624ce3",
    "data": [
      {
        "text": "Internship opportunities",
        "userDefined": false
      }
    ],
    "isTemplate": false,
    "count": 0,
    "lang": "en",
    "updated": 0
  },
  {
    "id": "d81a8484-b67b-4ee1-a3ab-898540a5ef40",
    "data": [
      {
        "text": "Do you have any internships?",
        "userDefined": false
      }
    ],
    "isTemplate": false,
    "count": 0,
    "lang": "en",
    "updated": 0
  },
  {
    "id": "1cc7b76e-ce62-4445-9eaf-39568113df26",
    "data": [
      {
        "text": "I\u0027m looking for an internship",
        "userDefined": false
      }
    ],
    "isTemplate": false,
    "count": 0,
    "lang": "en",
    "updated": 0
  },
  {
    "id": "bb23861f-c8a0-4061-89d3-a1c69d85ddc5",
    "data": [
      {
        "text": "What internship programs do you have?",
        "userDefined": false
      }
    ],
    "isTemplate": false,
    "count": 0,
    "lang": "en",
    "updated": 0
  },
  {
    "id": "6e6927fc-8c52-411b-a270-2b1914dff5ca",
    "data": [
      {
        "text": "Any openings for students?",
        "userDefined": false
      }
    ],
    "isTemplate": false,
    "count": 0,
    "lang": "en",
    "updated": 0
  },
  {
    "id": "98186f97-36af-48cf-8651-6a2f93b96fe7",
    "data": [
      {
        "text": "Do you offer internships?",
        "userDefined": false
      }
    ],
    "isTemplate": false,
    "count": 0,
    "lang": "en",
    "updated": 0
  },
  {
    "id": "7ff70956-7987-4393-ba62-8069c53992c6",
    "data": [
      {
        "text": "Tell me about internships",
        "userDefined": false
      }
    ],
    "isTemplate": false,
    "count": 0,
    "lang": "en",
    "updated": 0
  }
]