[
  {
    "id": "f45d78f0-62a5-4543-be2e-70e14d646f0b",
    "data": [
      {
        "text": "What subjects are the internships in?",
        "userDefined": false
      }
    ],
    "isTemplate": false,
    "count": 0,
    "lang": "en",
    "updated": 0
  },
  {
    "id": "da82b289-370f-4891-bfb2-13db847842f9",
    "data": [
      {
        "text": "In which technologies do you offer internships?",
        "userDefined": false
      }
    ],
    "isTemplate": false,
    "count": 0,
    "lang": "en",
    "updated": 0
  },
  {
    "id": "a514e94f-f4c4-4222-bd8a-86e7bcfd05c6",
    "data": [
      {
        "text": "Internship categories at MITS?",
        "userDefined": false
      }
    ],
    "isTemplate": false,
    "count": 0,
    "lang": "en",
    "updated": 0
  },
  {
    "id": "ac4adfe8-4703-4695-8b78-1ffb365f4501",
    "data": [
      {
        "text": "What fields are available for students?",
        "userDefined": false
      }
    ],
    "isTemplate": false,
    "count": 0,
    "lang": "en",
    "updated": 0
  },
  {
    "id": "1c8d246b-59f6-4ef9-aef6-45377cb19be9",
    "data": [
      {
        "text": "List the departments for internships",
        "userDefined": false
      }
    ],
    "isTemplate": false,
    "count": 0,
    "lang": "en",
    "updated": 0
  },
  {
    "id": "9ab91d6f-4608-4f6b-8785-b21eec9221a0",
    "data": [
      {
        "text": "What kind of internships do you provide?",
        "userDefined": false
      }
    ],
    "isTemplate": false,
    "count": 0,
    "lang": "en",
    "updated": 0
  },
  {
    "id": "cb0dc2cf-7408-4de8-9685-3e66092589d0",
    "data": [
      {
        "text": "Tell me the domains available for internships",
        "userDefined": false
      }
    ],
    "isTemplate": false,
    "count": 0,
    "lang": "en",
    "updated": 0
  },
  {
    "id": "13829a6f-f9c8-43e0-8cfc-8036625c00b4",
    "data": [
      {
        "text": "What are the available internship areas?",
        "userDefined": false
      }
    ],
    "isTemplate": false,
    "count": 0,
    "lang": "en",
    "updated": 0
  },
  {
    "id": "f9794c3b-96e3-4146-b7d0-c7ffe3bc13ba",
    "data": [
      {
        "text": "Which fields can I intern in?",
        "userDefined": false
      }
    ],
    "isTemplate": false,
    "count": 0,
    "lang": "en",
    "updated": 0
  },
  {
    "id": "1ee09d1a-6a45-4c87-a2b7-8dc5dcb00c68",
    "data": [
      {
        "text": "What internship domains do you offer?",
        "userDefined": false
      }
    ],
    "isTemplate": false,
    "count": 0,
    "lang": "en",
    "updated": 0
  }
]