[
  {
    "id": "c64ef08f-d10b-4edf-b1b1-0ce3ea4e3981",
    "data": [
      {
        "text": "Is there a form to fill out?",
        "userDefined": false
      }
    ],
    "isTemplate": false,
    "count": 0,
    "lang": "en",
    "updated": 0
  },
  {
    "id": "f3d83c5c-bb59-45e5-9f82-3180b14fa54a",
    "data": [
      {
        "text": "What should I do to get selected?",
        "userDefined": false
      }
    ],
    "isTemplate": false,
    "count": 0,
    "lang": "en",
    "updated": 0
  },
  {
    "id": "6a72acab-efda-4b87-bf53-6aec6c921cd7",
    "data": [
      {
        "text": "Can you help me apply?",
        "userDefined": false
      }
    ],
    "isTemplate": false,
    "count": 0,
    "lang": "en",
    "updated": 0
  },
  {
    "id": "0ecd3238-b45a-4ba8-8d4d-54b1a9edea20",
    "data": [
      {
        "text": "How to join the internship?",
        "userDefined": false
      }
    ],
    "isTemplate": false,
    "count": 0,
    "lang": "en",
    "updated": 0
  },
  {
    "id": "d4c84e3c-2f81-4358-81f1-e93847f810d7",
    "data": [
      {
        "text": "Share the application link",
        "userDefined": false
      }
    ],
    "isTemplate": false,
    "count": 0,
    "lang": "en",
    "updated": 0
  },
  {
    "id": "0b3c63ee-98d9-4557-8ff9-0c3e848477f6",
    "data": [
      {
        "text": "I want to apply",
        "userDefined": false
      }
    ],
    "isTemplate": false,
    "count": 0,
    "lang": "en",
    "updated": 0
  },
  {
    "id": "e6920688-6beb-4ec4-96fb-6f7fc4307e17",
    "data": [
      {
        "text": "Where can I apply for the internship?",
        "userDefined": false
      }
    ],
    "isTemplate": false,
    "count": 0,
    "lang": "en",
    "updated": 0
  },
  {
    "id": "b2c2a6aa-e185-4cb1-b58b-8dbb245e59af",
    "data": [
      {
        "text": "How do I register for internships?",
        "userDefined": false
      }
    ],
    "isTemplate": false,
    "count": 0,
    "lang": "en",
    "updated": 0
  },
  {
    "id": "d4a3f734-ad82-4173-8e40-950cb417fba1",
    "data": [
      {
        "text": "What\u0027s the application process?",
        "userDefined": false
      }
    ],
    "isTemplate": false,
    "count": 0,
    "lang": "en",
    "updated": 0
  },
  {
    "id": "ab3b9591-e0d1-442c-9f9d-f2974df80e26",
    "data": [
      {
        "text": "How can I apply?",
        "userDefined": false
      }
    ],
    "isTemplate": false,
    "count": 0,
    "lang": "en",
    "updated": 0
  }
]