[
  {
    "id": "e72b8822-66c4-4fa3-996b-c5509b94a5a2",
    "data": [
      {
        "text": "What are your goals?",
        "userDefined": false
      }
    ],
    "isTemplate": false,
    "count": 0,
    "lang": "en",
    "updated": 0
  },
  {
    "id": "ac0d590d-5fe8-4c5d-8e6b-b786bfc38f22",
    "data": [
      {
        "text": "What is your mission?",
        "userDefined": false
      }
    ],
    "isTemplate": false,
    "count": 0,
    "lang": "en",
    "updated": 0
  },
  {
    "id": "3f8796ee-0181-4b4b-bf62-1245b8b89ca8",
    "data": [
      {
        "text": "Can you tell me about the organization?",
        "userDefined": false
      }
    ],
    "isTemplate": false,
    "count": 0,
    "lang": "en",
    "updated": 0
  },
  {
    "id": "65473500-ca17-44a5-be8a-a8eed4eb3acb",
    "data": [
      {
        "text": "I want to know about your company",
        "userDefined": false
      }
    ],
    "isTemplate": false,
    "count": 0,
    "lang": "en",
    "updated": 0
  },
  {
    "id": "1dc24558-0a2f-4d8c-8dfc-1b2d3f21d62f",
    "data": [
      {
        "text": "What kind of work do you do?",
        "userDefined": false
      }
    ],
    "isTemplate": false,
    "count": 0,
    "lang": "en",
    "updated": 0
  },
  {
    "id": "da552948-d7d9-4656-bf2d-c5431b88c6ab",
    "data": [
      {
        "text": "What does MITS stand for?",
        "userDefined": false
      }
    ],
    "isTemplate": false,
    "count": 0,
    "lang": "en",
    "updated": 0
  },
  {
    "id": "9779b2d3-4391-4c16-84dd-f077054a845d",
    "data": [
      {
        "text": "What is MITS?",
        "userDefined": false
      }
    ],
    "isTemplate": false,
    "count": 0,
    "lang": "en",
    "updated": 0
  },
  {
    "id": "d6f04fee-6ef5-4941-9a20-8e954ea3d7d4",
    "data": [
      {
        "text": "What is this company about?",
        "userDefined": false
      }
    ],
    "isTemplate": false,
    "count": 0,
    "lang": "en",
    "updated": 0
  },
  {
    "id": "d0ef27f0-2139-47c6-9c2a-4fcf44d08cca",
    "data": [
      {
        "text": "Tell me about the company",
        "userDefined": false
      }
    ],
    "isTemplate": false,
    "count": 0,
    "lang": "en",
    "updated": 0
  },
  {
    "id": "39224c95-44b5-405c-bc45-4286bc80cd66",
    "data": [
      {
        "text": "What does your organization do?",
        "userDefined": false
      }
    ],
    "isTemplate": false,
    "count": 0,
    "lang": "en",
    "updated": 0
  }
]