[
  {
    "id": "e1700e3f-6a7f-45b7-8278-667c7cbd108b",
    "data": [
      {
        "text": "cost of the internship?",
        "userDefined": false
      }
    ],
    "isTemplate": false,
    "count": 0,
    "lang": "en",
    "updated": 0
  },
  {
    "id": "0de150b3-c3d3-48cf-8a80-baa1c3e3e32d",
    "data": [
      {
        "text": "Is the internship free or paid?",
        "userDefined": false
      }
    ],
    "isTemplate": false,
    "count": 0,
    "lang": "en",
    "updated": 0
  },
  {
    "id": "598483e8-accb-479e-aa08-f49a2da14a68",
    "data": [
      {
        "text": "Are there any incentives?",
        "userDefined": false
      }
    ],
    "isTemplate": false,
    "count": 0,
    "lang": "en",
    "updated": 0
  },
  {
    "id": "2055c54c-64b5-42af-ba44-4a2a1759738d",
    "data": [
      {
        "text": "Do I get ₹",
        "userDefined": false
      },
      {
        "text": "15,000",
        "meta": "@sys.number",
        "alias": "number",
        "userDefined": true
      },
      {
        "text": "?",
        "userDefined": false
      }
    ],
    "isTemplate": false,
    "count": 0,
    "lang": "en",
    "updated": 0
  },
  {
    "id": "258bb84a-48e1-4d18-a9de-87d92f16e897",
    "data": [
      {
        "text": "Is there any financial benefit?",
        "userDefined": false
      }
    ],
    "isTemplate": false,
    "count": 0,
    "lang": "en",
    "updated": 0
  },
  {
    "id": "77beb1c3-6e85-4a51-9d7f-cf5b38d454ae",
    "data": [
      {
        "text": "Will I receive money for this internship?",
        "userDefined": false
      }
    ],
    "isTemplate": false,
    "count": 0,
    "lang": "en",
    "updated": 0
  },
  {
    "id": "5471855d-a0f0-4138-9eec-4b0b71585a92",
    "data": [
      {
        "text": "What about the stipend?",
        "userDefined": false
      }
    ],
    "isTemplate": false,
    "count": 0,
    "lang": "en",
    "updated": 0
  },
  {
    "id": "1d8d7d27-a116-404a-9212-15d6c53776c2",
    "data": [
      {
        "text": "Are there rewards?",
        "userDefined": false
      }
    ],
    "isTemplate": false,
    "count": 0,
    "lang": "en",
    "updated": 0
  },
  {
    "id": "77aae40d-aa3a-4de6-9292-fb7e02f65b93",
    "data": [
      {
        "text": "Will I be paid?",
        "userDefined": false
      }
    ],
    "isTemplate": false,
    "count": 0,
    "lang": "en",
    "updated": 0
  },
  {
    "id": "1df7a3e4-1a61-4f93-ad2f-7c9fe5c1f125",
    "data": [
      {
        "text": "Do I get a stipend?",
        "userDefined": false
      }
    ],
    "isTemplate": false,
    "count": 0,
    "lang": "en",
    "updated": 0
  },
  {
    "id": "f2b42117-339c-4a4e-ba62-b3c989c6a0e0",
    "data": [
      {
        "text": "Is this a paid internship?",
        "userDefined": false
      }
    ],
    "isTemplate": false,
    "count": 0,
    "lang": "en",
    "updated": 0
  }
]