[
  {
    "id": "ceeb6f5f-ce7b-42ba-8f11-d209933f12ca",
    "data": [
      {
        "text": "I\u0027m new but eager to learn — can I join?",
        "userDefined": false
      }
    ],
    "isTemplate": false,
    "count": 0,
    "lang": "en",
    "updated": 0
  },
  {
    "id": "5768d734-3649-4a41-978b-1b5c7d59a02f",
    "data": [
      {
        "text": "Can someone without knowledge apply?",
        "userDefined": false
      }
    ],
    "isTemplate": false,
    "count": 0,
    "lang": "en",
    "updated": 0
  },
  {
    "id": "4ea5d4ac-b285-4fa8-8669-57e3d807f9e2",
    "data": [
      {
        "text": "I have no experience, is that okay?",
        "userDefined": false
      }
    ],
    "isTemplate": false,
    "count": 0,
    "lang": "en",
    "updated": 0
  },
  {
    "id": "79d50416-1b6f-4c3b-9c31-06c5109eb0d5",
    "data": [
      {
        "text": "Will you train me from the basics?",
        "userDefined": false
      }
    ],
    "isTemplate": false,
    "count": 0,
    "lang": "en",
    "updated": 0
  },
  {
    "id": "ba786e39-7010-4fb7-aab6-126bb69a118f",
    "data": [
      {
        "text": "Is this internship beginner friendly?",
        "userDefined": false
      }
    ],
    "isTemplate": false,
    "count": 0,
    "lang": "en",
    "updated": 0
  },
  {
    "id": "964c86ab-97b7-4f40-913e-9594e607f803",
    "data": [
      {
        "text": "I\u0027m a fast learner but new to this",
        "userDefined": false
      }
    ],
    "isTemplate": false,
    "count": 0,
    "lang": "en",
    "updated": 0
  },
  {
    "id": "ea3b1b02-1491-4a9e-89ec-312ef10ee044",
    "data": [
      {
        "text": "Can I join if I\u0027m starting from scratch?",
        "userDefined": false
      }
    ],
    "isTemplate": false,
    "count": 0,
    "lang": "en",
    "updated": 0
  },
  {
    "id": "2be0e036-e2ab-4992-8be1-0edc86e488ee",
    "data": [
      {
        "text": "I don\u0027t know anything yet, but I want to learn",
        "userDefined": false
      }
    ],
    "isTemplate": false,
    "count": 0,
    "lang": "en",
    "updated": 0
  },
  {
    "id": "8377dabf-0fd3-4677-a35a-a09b974d15ac",
    "data": [
      {
        "text": "I\u0027m a beginner, can your internship teach me?",
        "userDefined": false
      }
    ],
    "isTemplate": false,
    "count": 0,
    "lang": "en",
    "updated": 0
  },
  {
    "id": "3d2f6d37-3de8-4bd0-a1c8-91cafa6cab69",
    "data": [
      {
        "text": "I have no skills, can I still apply?",
        "userDefined": false
      }
    ],
    "isTemplate": false,
    "count": 0,
    "lang": "en",
    "updated": 0
  }
]